id,first_name,last_name,email,dialog_id
1,Cathrin,Weiser,cweiser0@purevolume.com,90
2,Pacorro,Laphorn,plaphorn1@cisco.com,93
3,Brenna,Dimitrie,bdimitrie2@unc.edu,2
4,Violet,Thornley,vthornley3@blogs.com,44
5,Ezequiel,Ivashnikov,eivashnikov4@addtoany.com,78
6,Doti,Diviney,ddiviney5@icio.us,55
7,Hal,Melia,hmelia6@discuz.net,30
8,Janaya,Gudge,jgudge7@chicagotribune.com,48
9,Danica,Thurstan,dthurstan8@census.gov,84
10,Shandra,Jutson,sjutson9@comsenz.com,9
11,Ragnar,Ramberg,rramberga@list-manage.com,14
12,Anny,August,aaugustb@economist.com,91
13,Gerhardine,Cavanagh,gcavanaghc@wsj.com,31
14,Kelcy,Smeeth,ksmeethd@state.tx.us,31
15,Carree,Harder,chardere@quantcast.com,83
16,Birch,Lenoir,blenoirf@livejournal.com,54
17,Sapphire,Sarath,ssarathg@acquirethisname.com,78
18,Thatch,Huet,thueth@apache.org,98
19,Felice,Pickvance,fpickvancei@meetup.com,65
20,Egan,Gittis,egittisj@wix.com,67
21,Titos,Elbourn,telbournk@nydailynews.com,91
22,Korey,Jacobsohn,kjacobsohnl@addthis.com,46
23,Aretha,Muston,amustonm@etsy.com,30
24,Neall,Tutsell,ntutselln@cbc.ca,64
25,Christean,Seiffert,cseifferto@amazon.de,16
26,Julie,Thew,jthewp@seesaa.net,98
27,Meagan,Osgorby,mosgorbyq@boston.com,57
28,Korry,Van Driel,kvandrielr@creativecommons.org,22
29,Georgeanna,Sear,gsears@cloudflare.com,99
30,Svend,Carabine,scarabinet@skype.com,52
31,Aigneis,Picton,apictonu@uiuc.edu,22
32,Gisela,Spaice,gspaicev@ow.ly,72
33,Viviyan,Filyakov,vfilyakovw@intel.com,80
34,Camille,Sumbler,csumblerx@mayoclinic.com,85
35,Louisette,D'Adamo,ldadamoy@ted.com,56
36,Joannes,Darth,jdarthz@theguardian.com,22
37,Lindi,Timlett,ltimlett10@upenn.edu,100
38,Ruggiero,Zappel,rzappel11@pbs.org,81
39,Hinze,Giacomoni,hgiacomoni12@instagram.com,97
40,Avram,Loyndon,aloyndon13@engadget.com,94
41,Lexi,Gatley,lgatley14@instagram.com,33
42,Stormie,Kegan,skegan15@mediafire.com,77
43,Tracee,Helis,thelis16@alexa.com,58
44,Kippie,Crofts,kcrofts17@ameblo.jp,54
45,Derril,Walak,dwalak18@wp.com,72
46,Dyana,Ithell,dithell19@hatena.ne.jp,59
47,Kaela,Haistwell,khaistwell1a@elegantthemes.com,95
48,Domeniga,Ellerman,dellerman1b@bizjournals.com,50
49,Riva,MacArte,rmacarte1c@cocolog-nifty.com,3
50,Vlad,Edyson,vedyson1d@businessinsider.com,6
51,Erma,Fynan,efynan1e@va.gov,93
52,Hedvige,Coade,hcoade1f@theguardian.com,6
53,Grant,Spowart,gspowart1g@free.fr,20
54,Darcy,Caulfield,dcaulfield1h@engadget.com,37
55,Dorian,Sango,dsango1i@ebay.co.uk,18
56,Iorgos,Waters,iwaters1j@hc360.com,39
57,Norbie,Ginglell,nginglell1k@sakura.ne.jp,26
58,Aviva,Haynesford,ahaynesford1l@netlog.com,57
59,Dulcinea,Josephson,djosephson1m@miibeian.gov.cn,1
60,Berkly,Standring,bstandring1n@ed.gov,54
61,Milissent,Fullicks,mfullicks1o@booking.com,21
62,Shaina,Brende,sbrende1p@nytimes.com,69
63,Pen,Hearthfield,phearthfield1q@ibm.com,20
64,Marys,Powers,mpowers1r@amazonaws.com,72
65,Teressa,Ellwell,tellwell1s@tinypic.com,77
66,Derron,MacSkeaghan,dmacskeaghan1t@bloomberg.com,22
67,Des,Jakubovski,djakubovski1u@simplemachines.org,96
68,Cyndia,Lerven,clerven1v@devhub.com,93
69,Jenny,Shills,jshills1w@bizjournals.com,70
70,Alene,Archibould,aarchibould1x@upenn.edu,100
71,Rica,Leppington,rleppington1y@amazon.de,73
72,Maury,Bohlmann,mbohlmann1z@cornell.edu,50
73,Malissa,Evenden,mevenden20@diigo.com,69
74,Betty,Sconce,bsconce21@tuttocitta.it,19
75,Lefty,De La Hay,ldelahay22@newsvine.com,79
76,Franky,Askey,faskey23@google.it,83
77,Dunc,Sabbins,dsabbins24@i2i.jp,74
78,Torrey,Vyse,tvyse25@elegantthemes.com,43
79,Holt,Battin,hbattin26@patch.com,74
80,Maximilien,McGennis,mmcgennis27@apple.com,63
81,Lucien,Firle,lfirle28@un.org,97
82,Jobina,Minister,jminister29@360.cn,11
83,Carry,Bartels-Ellis,cbartelsellis2a@geocities.jp,81
84,Candy,Giacopini,cgiacopini2b@mozilla.com,30
85,Aloysius,Blower,ablower2c@ebay.co.uk,24
86,Lauren,Durling,ldurling2d@issuu.com,5
87,Enoch,Heppenspall,eheppenspall2e@quantcast.com,75
88,Emyle,Guyan,eguyan2f@etsy.com,86
89,Georgine,Kidde,gkidde2g@hp.com,69
90,Ailyn,Karlolczak,akarlolczak2h@bigcartel.com,27
91,Iain,Shawdforth,ishawdforth2i@unicef.org,38
92,Gusti,Gellately,ggellately2j@unc.edu,83
93,Lazar,Diloway,ldiloway2k@hhs.gov,91
94,Sloane,Riddington,sriddington2l@cisco.com,80
95,Alonzo,Mellings,amellings2m@google.com.au,39
96,Faunie,Rexworthy,frexworthy2n@quantcast.com,52
97,Quint,Duquesnay,qduquesnay2o@merriam-webster.com,61
98,Royce,Osichev,rosichev2p@twitpic.com,3
99,Correy,Ewings,cewings2q@sfgate.com,8
100,Amy,McGeorge,amcgeorge2r@rakuten.co.jp,89
101,Delia,Poat,dpoat2s@uol.com.br,56
102,Ninon,Hugo,nhugo2t@java.com,31
103,Corbin,Burnes,cburnes2u@uol.com.br,79
104,Valentijn,Cortin,vcortin2v@geocities.com,95
105,Elana,Dommett,edommett2w@woothemes.com,91
106,Derrick,Haill,dhaill2x@tiny.cc,41
107,Kylila,Goulbourne,kgoulbourne2y@furl.net,13
108,Dorrie,Brideau,dbrideau2z@github.io,14
109,Barbette,Hawkswell,bhawkswell30@ucla.edu,25
110,Verena,Brient,vbrient31@dropbox.com,40
111,Christan,Benham,cbenham32@123-reg.co.uk,94
112,Gerome,Gunnell,ggunnell33@seattletimes.com,79
113,Morrie,Foulger,mfoulger34@mtv.com,41
114,Hanan,Dagnall,hdagnall35@weebly.com,91
115,Pail,Merrifield,pmerrifield36@rambler.ru,23
116,Amelita,Bernasek,abernasek37@home.pl,29
117,Melamie,Geeson,mgeeson38@europa.eu,30
118,Bernita,Wallicker,bwallicker39@ebay.co.uk,55
119,Felix,Tolomelli,ftolomelli3a@businessinsider.com,15
120,Kristal,Frensche,kfrensche3b@nbcnews.com,3
121,Elroy,Botting,ebotting3c@is.gd,22
122,Cedric,Skurray,cskurray3d@qq.com,86
123,Moise,Bend,mbend3e@people.com.cn,88
124,Lisetta,Heditch,lheditch3f@admin.ch,26
125,Devy,Thewlis,dthewlis3g@google.co.uk,11
126,Shayne,Arlett,sarlett3h@usnews.com,52
127,Janenna,Almak,jalmak3i@friendfeed.com,67
128,Vivyan,Paule,vpaule3j@ucsd.edu,62
129,Di,Royds,droyds3k@ucoz.com,57
130,Francyne,De Micoli,fdemicoli3l@usnews.com,31
131,Ransell,Gasgarth,rgasgarth3m@nbcnews.com,93
132,Hamid,Paske,hpaske3n@sbwire.com,29
133,Augustin,Normanville,anormanville3o@apache.org,82
134,Gaspard,Siely,gsiely3p@reuters.com,96
135,Kerrin,Wittering,kwittering3q@moonfruit.com,76
136,Hannis,Shakespear,hshakespear3r@indiegogo.com,67
137,Derrek,Angrove,dangrove3s@oakley.com,43
138,Dyanne,Tilson,dtilson3t@mapy.cz,76
139,Lise,Heddon,lheddon3u@ucsd.edu,97
140,Theresina,Trinke,ttrinke3v@instagram.com,8
141,Corinna,Mears,cmears3w@google.ca,43
142,Adelind,Troyes,atroyes3x@yellowpages.com,45
143,Alameda,Sowray,asowray3y@accuweather.com,12
144,Wilbur,Biasini,wbiasini3z@thetimes.co.uk,66
145,Nanice,Eloi,neloi40@aboutads.info,53
146,Sherman,Martensen,smartensen41@umn.edu,16
147,Isis,Dimsdale,idimsdale42@symantec.com,59
148,Penn,Marfell,pmarfell43@sakura.ne.jp,93
149,Eda,Mariette,emariette44@usatoday.com,9
150,Andonis,Bondley,abondley45@multiply.com,88
151,Rockie,Chainey,rchainey46@wunderground.com,5
152,Irina,Seiler,iseiler47@google.com.hk,74
153,Dinny,Alejandre,dalejandre48@tripadvisor.com,63
154,Allyson,Fanton,afanton49@miibeian.gov.cn,66
155,Hernando,Gornall,hgornall4a@gnu.org,47
156,Josiah,Wilding,jwilding4b@list-manage.com,10
157,Free,Balaison,fbalaison4c@senate.gov,96
158,Janeczka,Benck,jbenck4d@sourceforge.net,12
159,Ulrick,O'Crevan,uocrevan4e@yahoo.co.jp,26
160,Gianna,Bolingbroke,gbolingbroke4f@nifty.com,71
161,Edeline,Churcher,echurcher4g@addthis.com,93
162,Nerte,Grabban,ngrabban4h@yellowbook.com,76
163,Audrey,Freezor,afreezor4i@studiopress.com,73
164,Zeke,Corner,zcorner4j@themeforest.net,53
165,Seth,Roseburgh,sroseburgh4k@twitpic.com,6
166,Antoinette,Trussell,atrussell4l@sphinn.com,6
167,Noel,Burdoun,nburdoun4m@wikimedia.org,51
168,Kissie,Bole,kbole4n@mediafire.com,63
169,Brittany,Stronge,bstronge4o@wiley.com,25
170,Hagen,Gallemore,hgallemore4p@walmart.com,37
171,Lambert,Sargint,lsargint4q@ezinearticles.com,75
172,Lilas,Bollins,lbollins4r@sciencedirect.com,95
173,Giustina,Georgievski,ggeorgievski4s@icq.com,43
174,Sheffield,Benford,sbenford4t@mlb.com,74
175,Antony,Lange,alange4u@blogtalkradio.com,56
176,Pammie,Lazenbury,plazenbury4v@nbcnews.com,30
177,Shae,McCawley,smccawley4w@bloglovin.com,54
178,Othello,Bilbery,obilbery4x@hhs.gov,33
179,Nerty,Arnao,narnao4y@state.gov,17
180,Levin,Sell,lsell4z@phoca.cz,24
181,Wash,Charley,wcharley50@google.cn,9
182,Valentin,Philps,vphilps51@google.com.au,27
183,Tamar,Pascho,tpascho52@spiegel.de,1
184,Onida,Scotney,oscotney53@ucoz.com,32
185,Dorrie,Skiplorne,dskiplorne54@washingtonpost.com,61
186,Jilleen,Weymont,jweymont55@amazonaws.com,18
187,Tonya,Kulic,tkulic56@yahoo.co.jp,96
188,Kriste,Vannar,kvannar57@arizona.edu,40
189,Elaina,Janssen,ejanssen58@instagram.com,60
190,Gianna,Witcherley,gwitcherley59@elegantthemes.com,97
191,Kale,Floris,kfloris5a@rakuten.co.jp,36
192,Thatch,Reed,treed5b@cocolog-nifty.com,98
193,Lavinia,Lardeur,llardeur5c@yale.edu,85
194,Cheryl,Geard,cgeard5d@europa.eu,49
195,Twyla,Simmers,tsimmers5e@google.es,98
196,Noemi,Parrett,nparrett5f@merriam-webster.com,77
197,Bella,Carwithim,bcarwithim5g@shinystat.com,32
198,Finn,Okenden,fokenden5h@tmall.com,78
199,Fonzie,Merigon,fmerigon5i@blogspot.com,77
200,Bobbi,Coplestone,bcoplestone5j@arstechnica.com,26
201,Berry,Mahaffey,bmahaffey5k@unesco.org,13
202,Domeniga,Callow,dcallow5l@hc360.com,78
203,Aurthur,Ajam,aajam5m@simplemachines.org,77
204,Eben,McRonald,emcronald5n@yellowpages.com,36
205,Lauren,Brideoke,lbrideoke5o@msu.edu,21
206,Merrel,McDade,mmcdade5p@marketwatch.com,90
207,Selene,Blabie,sblabie5q@ucoz.ru,61
208,Tori,MacKellen,tmackellen5r@last.fm,88
209,Margaret,Dulin,mdulin5s@360.cn,51
210,Jerrie,Cuesta,jcuesta5t@about.com,81
211,Gunilla,Whitman,gwhitman5u@disqus.com,12
212,Renelle,Beddo,rbeddo5v@quantcast.com,85
213,Edin,Warland,ewarland5w@nba.com,22
214,Rouvin,O'Cuddie,rocuddie5x@t-online.de,94
215,Belia,Seleway,bseleway5y@sciencedirect.com,86
216,Odille,Darrington,odarrington5z@nps.gov,46
217,Ringo,McNamee,rmcnamee60@sogou.com,61
218,Lorene,Burkin,lburkin61@state.gov,48
219,Malena,Emanuel,memanuel62@vk.com,59
220,Loralee,Hartzenberg,lhartzenberg63@bigcartel.com,97
221,Tedie,Curm,tcurm64@wiley.com,71
222,Sergeant,Stanislaw,sstanislaw65@weebly.com,1
223,Correy,Sanday,csanday66@hud.gov,35
224,Haslett,Le Page,hlepage67@omniture.com,55
225,Reece,Juanico,rjuanico68@nbcnews.com,51
226,Minetta,Murison,mmurison69@example.com,99
227,Jules,Gerhold,jgerhold6a@gravatar.com,32
228,Hadlee,Floodgate,hfloodgate6b@ca.gov,54
229,Stephen,Wildin,swildin6c@narod.ru,37
230,Hasheem,O'Curran,hocurran6d@globo.com,53
231,Forrest,Pennino,fpennino6e@example.com,57
232,Briant,Clayhill,bclayhill6f@latimes.com,26
233,Adoree,Alywin,aalywin6g@topsy.com,47
234,Farleigh,Keogh,fkeogh6h@blogs.com,3
235,Harwell,Van Arsdale,hvanarsdale6i@goo.gl,48
236,Rebekkah,Jerdon,rjerdon6j@privacy.gov.au,31
237,Lester,Harmer,lharmer6k@google.com.br,75
238,Welsh,Featherstone,wfeatherstone6l@intel.com,60
239,Leo,Barus,lbarus6m@nationalgeographic.com,98
240,Lainey,Twist,ltwist6n@gov.uk,3
241,Tyson,Barenskie,tbarenskie6o@tinyurl.com,81
242,Travis,Harlick,tharlick6p@artisteer.com,49
243,Meridith,Gilding,mgilding6q@fema.gov,89
244,Avivah,McNea,amcnea6r@ycombinator.com,31
245,Mandi,Celand,mceland6s@ucsd.edu,83
246,Meryl,Stilly,mstilly6t@mlb.com,6
247,Greta,Formoy,gformoy6u@nifty.com,64
248,Ferdy,Scemp,fscemp6v@themeforest.net,49
249,Pedro,Leopold,pleopold6w@nba.com,78
250,Floria,Benedite,fbenedite6x@pinterest.com,62
251,Perry,Scougall,pscougall6y@auda.org.au,94
252,Emanuel,Roobottom,eroobottom6z@eventbrite.com,25
253,Maxy,Meffan,mmeffan70@google.fr,34
254,Bran,Bathurst,bbathurst71@linkedin.com,100
255,Jeane,Doig,jdoig72@scientificamerican.com,64
256,Kellen,Fearfull,kfearfull73@histats.com,68
257,Karlotte,Pisculli,kpisculli74@bbb.org,34
258,Berri,Jakeway,bjakeway75@macromedia.com,96
259,Alonso,Shovlar,ashovlar76@so-net.ne.jp,54
260,Christen,Newbery,cnewbery77@a8.net,17
261,Addi,Johnston,ajohnston78@newsvine.com,94
262,Joannes,Simioli,jsimioli79@hc360.com,46
263,Shelia,Amesbury,samesbury7a@marriott.com,4
264,Mame,Ginie,mginie7b@pbs.org,70
265,Melli,Rasmus,mrasmus7c@usnews.com,17
266,Eden,Aubert,eaubert7d@nyu.edu,56
267,Kylynn,McClinton,kmcclinton7e@usda.gov,53
268,Bren,Wells,bwells7f@jugem.jp,98
269,Janeczka,Thies,jthies7g@hugedomains.com,19
270,Bevan,Emor,bemor7h@twitpic.com,22
271,Aleece,Bearns,abearns7i@miibeian.gov.cn,57
272,Gwendolin,Weekland,gweekland7j@google.com.hk,11
273,Corey,Rennenbach,crennenbach7k@unicef.org,28
274,Emmery,McGuinness,emcguinness7l@istockphoto.com,16
275,Gaelan,Gordon-Giles,ggordongiles7m@adobe.com,32
276,Celesta,Batrop,cbatrop7n@cloudflare.com,95
277,Daisy,Goady,dgoady7o@zimbio.com,80
278,Verla,Brose,vbrose7p@jigsy.com,24
279,Joell,Chinnock,jchinnock7q@a8.net,71
280,Darin,Surcombe,dsurcombe7r@webeden.co.uk,13
281,Ron,Agglione,ragglione7s@businessweek.com,94
282,Bellanca,Coltman,bcoltman7t@loc.gov,40
283,Thia,Sainsbury-Brown,tsainsburybrown7u@google.nl,95
284,Inness,Bullier,ibullier7v@amazon.co.uk,88
285,Kermie,Donnelly,kdonnelly7w@dailymail.co.uk,52
286,Clive,Jakab,cjakab7x@wikia.com,49
287,Mala,Lanchbury,mlanchbury7y@vk.com,56
288,Jose,Baylay,jbaylay7z@ebay.co.uk,26
289,Husein,Isard,hisard80@scientificamerican.com,78
290,Nanette,Kingsnode,nkingsnode81@ocn.ne.jp,90
291,Lisha,Rubinowitch,lrubinowitch82@cafepress.com,58
292,Fernanda,Orthmann,forthmann83@hexun.com,20
293,Coralyn,Bosden,cbosden84@jugem.jp,50
294,Benoite,Thorby,bthorby85@amazon.com,90
295,Hart,McGiffie,hmcgiffie86@godaddy.com,69
296,Sigrid,Dovidaitis,sdovidaitis87@gmpg.org,8
297,Willy,Gadie,wgadie88@wisc.edu,35
298,Vance,Boal,vboal89@de.vu,67
299,Valeria,Sellors,vsellors8a@bizjournals.com,41
300,Beatrisa,Clausson,bclausson8b@cloudflare.com,60
